{
  "TabColor": {
    "X": 0.19607843,
    "Y": 0.8039216,
    "Z": 0.19607843,
    "W": 1
  },
  "HighlightColor": {
    "X": 0.78039217,
    "Y": 0.08235294,
    "Z": 0.52156866,
    "W": 1
  },
  "Version": 1
}