{
  "OwnStatusColor": {
    "X": 0.7882353,
    "Y": 1.0,
    "Z": 0.89411765,
    "W": 1.0
  },
  "OwnStatusEdgeColor": {
    "X": 0.039215688,
    "Y": 0.37254903,
    "Z": 0.14117648,
    "W": 1.0
  },
  "Version": 1
}